{
  "max_abs_u": 23.836734771728516,
  "max_abs_v": 23.836734771728516,
  "max_mag": 11.918367385864258
}