{
  "max_abs_u": 26.816326141357422,
  "max_abs_v": 26.816326141357422,
  "max_mag": 11.918367385864258
}